File Path,File Name
/CN/,addcolumn.json
/CN/,addcustomrow.json
/CN/,addrow.json
/CN/,append.json
/CN/,apply_format.json
/CN/,autofill.json
/DE/,addcolumn.json
/DE/,addcustomrow.json
/DE/,addrow.json
/DE/,append.json
/DE/,apply_format.json
/DE/,autofill.json
/ES/,addcolumn.json
/ES/,addcustomrow.json
/ES/,addrow.json
/ES/,append.json
/ES/,apply_format.json
/ES/,autofill.json
/FR/,addcolumn.json
/FR/,addcustomrow.json
/FR/,addrow.json
/FR/,append.json
/FR/,apply_format.json
/FR/,autofill.json
/JP/,addcolumn.json
/JP/,addcustomrow.json
/JP/,addrow.json
/JP/,append.json
/JP/,apply_format.json
/JP/,autofill.json
/PT/,addcolumn.json
/PT/,addcustomrow.json
/PT/,addrow.json
/PT/,append.json
/PT/,apply_format.json
/PT/,autofill.json
/RU/,addcolumn.json
/RU/,addcustomrow.json
/RU/,addrow.json
/RU/,append.json
/RU/,apply_format.json
/RU/,autofill.json
/,addcolumn.json
/,addcustomrow.json
/,addrow.json
/,append.json
/,apply_format.json
/,autofill.json
